Approximate Lat,Approximate Lon,City Name,Country Code,Exact Coordinates,Latitude,Longitude,Temperature,Humidity,Cloudiness,Wind Speed,Max Temp
-84.06,71.74,taolanaro,mg,"(-25.0333333, 47.0)",-25.0333333,47.0,68,82,20,18.34,68
-5.17,-161.69,samusu,ws,"(-13.9666667, -171.3666667)",-13.9666667,-171.3666667,81.01,80,94,14.2,81.01
12.15,-4.27,solenzo,bf,"(12.1833333, -4.0833333)",12.1833333,-4.0833333,78.01,30,0,1.3,78.01
21.8,140.82,shingu,jp,"(33.733333, 135.983333)",33.733333,135.983333,60.8,44,20,3.36,60.8
53.15,-6.58,blessington,ie,"(53.17, -6.5325)",53.17,-6.5325,57.09,82,75,17.22,59
46.93,-173.63,provideniya,ru,"(64.383333, -173.3)",64.383333,-173.3,23.23,85,23,7.23,23.23
-39.46,-74.94,valdivia,cl,"(-39.8, -73.233333)",-39.8,-73.233333,55.4,87,0,1.12,55.4
1.08,45.96,mogadishu,so,"(2.0666667, 45.3666667)",2.0666667,45.3666667,78.94,80,79,11.88,78.94
-17.94,-43.28,itamarandiba,br,"(-17.85, -42.85)",-17.85,-42.85,65.97,100,100,3.76,65.97
6.37,13.34,tibati,cm,"(6.4666667, 12.6333333)",6.4666667,12.6333333,68.43,72,12,1.74,68.43
76.26,-6.23,klaksvik,fo,"(62.2333333, -6.6)",62.2333333,-6.6,48.2,81,12,18.34,48.2
66.83,49.25,ust-tsilma,ru,"(65.441037, 52.149783)",65.441037,52.149783,33.71,92,68,5.73,33.71
-65.18,-87.11,punta arenas,cl,"(-53.15, -70.916667)",-53.15,-70.916667,48.97,66,75,10.29,50
54.58,-38.68,nanortalik,gl,"(60.1166667, -45.2166667)",60.1166667,-45.2166667,27.05,92,88,9.33,27.05
-66.72,-68.9,ushuaia,ar,"(-54.8, -68.3)",-54.8,-68.3,50,71,75,18.34,50
45.42,113.42,baruun-urt,mn,"(46.7, 113.2833333)",46.7,113.2833333,35.4,75,27,19.35,35.4
67.33,59.64,inta,ru,"(66.083333, 60.133333)",66.083333,60.133333,36.79,97,100,14.07,36.79
83.62,80.68,dikson,ru,"(73.506944, 80.546389)",73.506944,80.546389,14.23,96,95,27.31,14.23
26.5,170.31,butaritari,ki,"(3.0833333, 172.8166667)",3.0833333,172.8166667,82.72,75,89,19.55,82.72
23.95,-70.75,cockburn town,tc,"(21.4666667, -71.1333333)",21.4666667,-71.1333333,83.57,80,100,19.17,83.57
-30.03,61.11,souillac,mu,"(-20.5166667, 57.5166667)",-20.5166667,57.5166667,68,56,20,12.75,68
-15.01,104.07,palabuhanratu,id,"(-6.9875, 106.551389)",-6.9875,106.551389,89.01,63,81,1.01,89.01
-61.67,33.52,port alfred,za,"(-33.590572, 26.891037)",-33.590572,26.891037,59.92,65,87,3.8,59.92
-59.8,-170.08,vaini,to,"(-21.2, -175.2)",-21.2,-175.2,78.8,69,40,13.87,78.8
-60.89,129.7,new norfolk,au,"(-42.78075, 147.059387)",-42.78075,147.059387,67.82,35,15,3,70
-50.03,168.72,bluff,nz,"(-46.6, 168.333333)",-46.6,168.333333,54,96,100,14,54
-68.4,116.5,albany,au,"(-35.003101, 117.865952)",-35.003101,117.865952,73.4,49,90,10.29,73.4
-8.37,-59.9,aripuana,br,"(-9.166667, -60.633333)",-9.166667,-60.633333,74.23,93,32,2.04,74.23
-48.6,39.19,east london,za,"(-33.011051, 27.910049)",-33.011051,27.910049,62.1,69,100,1.5,62.1
9.9,-106.41,lazaro cardenas,mx,"(17.958333, -102.2)",17.958333,-102.2,80.46,81,96,2.93,80.46
-8.07,168.58,lata,sb,"(-10.7166667, 165.8333333)",-10.7166667,165.8333333,84.78,65,27,1.07,84.78
47.96,156.4,severo-kurilsk,ru,"(50.678889, 156.125)",50.678889,156.125,40.37,92,100,37.51,40.37
73.54,-163.85,barrow,us,"(71.2905556, -156.7886111)",71.2905556,-156.7886111,8.6,84,1,10.29,8.6
88.78,-175.69,mys shmidta,ru,"(68.933333, -179.5)",68.933333,-179.5,22.93,95,77,26.57,22.93
83.36,159.24,cherskiy,ru,"(68.75, 161.3)",68.75,161.3,7.38,91,100,5.1,7.38
-11.34,34.72,mbamba,tz,"(-11.2833333, 34.7666667)",-11.2833333,34.7666667,75.11,64,0,6.51,75.11
10.29,-116.84,cabo san lucas,mx,"(22.883333, -109.9)",22.883333,-109.9,78.22,57,40,5.82,78.8
35.56,-1.34,wahran,dz,"(35.6911111, -0.6416667)",35.6911111,-0.6416667,51.8,87,0,2.24,51.8
-37.77,17.17,hermanus,za,"(-34.418696, 19.234464)",-34.418696,19.234464,53.01,69,0,11.86,53.01
-27.59,137.31,port augusta,au,"(-32.495972, 137.772812)",-32.495972,137.772812,60.8,72,90,17.22,60.8
80.47,177.43,leningradskiy,ru,"(69.383333, 178.416667)",69.383333,178.416667,19.15,94,74,17.52,19.15
-4.06,-31.77,natal,br,"(-5.783333, -35.216667)",-5.783333,-35.216667,77.92,78,40,9.17,78.8
-27.24,-126.08,rikitea,pf,"(-23.1202778, -134.9691667)",-23.1202778,-134.9691667,76.17,63,0,0.6,76.17
-18.44,-150.44,haapiti,pf,"(-17.5666667, -149.8666667)",-17.5666667,-149.8666667,84.09,62,40,17.22,84.2
58.16,-81.33,attawapiskat,ca,"(52.916667, -82.433333)",52.916667,-82.433333,26.6,92,90,9.17,26.6
32.17,-130.49,half moon bay,us,"(37.4636111, -122.4275)",37.4636111,-122.4275,58.5,87,20,8.05,63
79.65,-79.49,qaanaaq,gl,"(77.4894444, -69.3322222)",77.4894444,-69.3322222,11.68,92,96,5.91,11.68
74.02,38.38,tumannyy,ru,"(68.884722, 35.694444)",68.884722,35.694444,29.44,97,93,14.76,29.44
-30.23,-20.2,jamestown,sh,"(-15.9333333, -5.7166667)",-15.9333333,-5.7166667,62.98,85,50,20.78,62.98
-11.21,-34.48,maceio,br,"(-9.666667, -35.716667)",-9.666667,-35.716667,75.2,94,75,4.7,75.2
-37.11,47.38,tsihombe,mg,"(-25.3, 45.4833333)",-25.3,45.4833333,60.42,87,0,6.35,60.42
-52.01,-2.38,cape town,za,"(-33.925839, 18.423218)",-33.925839,18.423218,55.6,62,0,18.34,57
-14.93,65.51,grand gaube,mu,"(-20.0063889, 57.6608333)",-20.0063889,57.6608333,64,64,0,3,64
15.84,-42.85,cayenne,gf,"(4.9333333, -52.3333333)",4.9333333,-52.3333333,80.6,94,0,11.43,80.6
51.82,-67.12,sept-iles,ca,"(50.2, -66.383333)",50.2,-66.383333,25.12,68,0,6.93,30.2
-27.63,31.0,vryheid,za,"(-27.76952, 30.791653)",-27.76952,30.791653,55.11,92,37,1.61,55.11
-40.15,129.52,port lincoln,au,"(-34.72625, 135.87442)",-34.72625,135.87442,60.51,70,64,11.86,60.51
25.59,124.8,hirara,jp,"(24.803788, 125.302222)",24.803788,125.302222,76.62,64,40,10.29,78.8
-40.15,101.19,busselton,au,"(-33.652489, 115.345497)",-33.652489,115.345497,73.99,45,100,10.09,73.99
8.57,67.83,kavaratti,in,"(10.566667, 72.616667)",10.566667,72.616667,82.62,70,19,8.68,82.62
-38.68,62.82,saint-philippe,re,"(-21.35, 55.7666667)",-21.35,55.7666667,60.01,72,75,9.17,66.2
46.87,101.73,hovd,mn,"(44.6666667, 102.1666667)",44.6666667,102.1666667,31.59,72,98,0.47,31.59
89.49,-62.27,narsaq,gl,"(77.3025, -68.8425)",77.3025,-68.8425,12.18,90,89,4.47,12.18
3.19,112.96,bintulu,my,"(3.166667, 113.033333)",3.166667,113.033333,82.2,88,20,3.36,82.4
-15.28,-97.89,puerto ayora,ec,"(-0.75, -90.3166667)",-0.75,-90.3166667,70,93,89,5.01,70
16.21,101.78,kaset sombun,th,"(16.280528, 101.954222)",16.280528,101.954222,78.12,79,66,5.64,78.12
-18.36,-170.8,alofi,nu,"(-19.0166667, -169.9166667)",-19.0166667,-169.9166667,78.8,78,90,17.22,78.8
17.1,-16.84,saint-louis,sn,"(16.0188889, -16.4952778)",16.0188889,-16.4952778,80.92,64,66,22.24,80.92
10.98,-76.25,cartagena,co,"(10.399722, -75.514444)",10.399722,-75.514444,84.2,79,75,6.93,84.2
69.66,-141.07,aklavik,ca,"(68.216667, -135.0)",68.216667,-135.0,5,84,97,3.36,5
50.14,100.34,moron,mn,"(49.6452778, 100.1544444)",49.6452778,100.1544444,26.11,79,100,20.58,26.11
-16.34,-66.0,colomi,bo,"(-17.35, -65.8666667)",-17.35,-65.8666667,64.4,48,75,11.41,64.4
-31.39,23.14,carnarvon,za,"(-30.968266, 22.133026)",-30.968266,22.133026,55.49,39,87,18.14,55.49
-39.72,-104.68,ancud,cl,"(-41.869722, -73.820278)",-41.869722,-73.820278,52.36,81,0,5.82,53.01
-50.31,133.61,portland,au,"(-38.352612, 141.605743)",-38.352612,141.605743,56.61,71,91,11.21,56.61
-11.87,113.59,muncar,id,"(-8.4365, 114.3391)",-8.4365,114.3391,74.08,93,100,3.83,74.08
41.32,98.3,jiayuguan,cn,"(39.816667, 98.3)",39.816667,98.3,38.89,65,99,3.11,38.89
15.41,-122.8,constitucion,mx,"(25.036944, -111.664444)",25.036944,-111.664444,74.43,50,100,9.64,74.43
47.0,-101.99,dickinson,us,"(46.8791667, -102.7891667)",46.8791667,-102.7891667,46.4,75,1,17.22,46.4
-3.69,-48.06,paragominas,br,"(-2.966667, -47.483333)",-2.966667,-47.483333,76.59,78,26,3.18,76.59
-31.25,40.13,beloha,mg,"(-25.1666667, 45.05)",-25.1666667,45.05,62.01,73,0,9.24,62.01
4.8,159.76,namatanai,pg,"(-3.6666667, 152.4333333)",-3.6666667,152.4333333,84.87,68,99,3.67,84.87
-40.66,78.22,mahebourg,mu,"(-20.4080556, 57.7)",-20.4080556,57.7,68,56,20,12.75,68
-36.56,-28.51,arraial do cabo,br,"(-22.966667, -42.016667)",-22.966667,-42.016667,70.45,87,100,32.66,70.45
9.68,83.65,trincomalee,lk,"(8.5666667, 81.2333333)",8.5666667,81.2333333,79.47,81,65,6.46,79.47
-7.52,151.88,kimbe,pg,"(-5.55, 150.15)",-5.55,150.15,85.28,72,100,5.23,85.28
-63.21,-28.21,mar del plata,ar,"(-38.002278, -57.557539)",-38.002278,-57.557539,53.22,81,0,4.7,55
39.88,-37.61,ribeira grande,pt,"(38.516667, -28.7)",38.516667,-28.7,68.95,93,100,16.02,68.95
51.06,64.39,kushmurun,kz,"(52.450278, 64.631111)",52.450278,64.631111,35.24,82,56,7.34,35.24
48.38,37.71,shcherbynivka,ua,"(48.39489, 37.791021)",48.39489,37.791021,51.58,82,100,2.08,51.58
-3.32,94.99,padang,id,"(-0.953154, 100.367659)",-0.953154,100.367659,78.8,83,40,9.17,78.8
-5.55,-53.95,sao felix do xingu,br,"(-6.633333, -51.983333)",-6.633333,-51.983333,70.34,96,100,1.28,70.34
67.19,-152.28,college,us,"(64.8569444, -147.8027778)",64.8569444,-147.8027778,10.26,78,90,3.36,12.2
63.03,-144.58,fairbanks,us,"(64.8377778, -147.7163889)",64.8377778,-147.7163889,10.47,85,90,3.36,12.2
54.02,26.5,dzerzhinsk,by,"(53.685, 27.1419444)",53.685,27.1419444,41,100,75,2.24,41
-35.68,-157.83,avarua,ck,"(-21.2077778, -159.775)",-21.2077778,-159.775,75.2,78,93,14.99,75.2
81.66,-15.12,illoqqortoormiut,gl,"(70.4833333, -21.9666667)",70.4833333,-21.9666667,23.88,93,100,17.29,23.88
11.22,136.88,airai,pw,"(7.3575, 134.5577778)",7.3575,134.5577778,84.2,74,75,21.92,84.2
-2.95,-157.14,faanui,pf,"(-16.4833333, -151.75)",-16.4833333,-151.75,78.8,79,7,16.73,78.8
-27.29,-144.76,mataura,pf,"(-23.3666667, -149.4666667)",-23.3666667,-149.4666667,66.94,93,100,21.18,66.94
20.53,0.5,tessalit,ml,"(20.2013889, 1.0088889)",20.2013889,1.0088889,75.15,19,64,11.7,75.15
13.83,14.51,mao,td,"(14.1194444, 15.3133333)",14.1194444,15.3133333,80.55,18,0,12.84,80.55
-31.02,101.02,geraldton,au,"(-28.778971, 114.614594)",-28.778971,114.614594,75.2,64,40,12.75,75.2
-51.94,-107.02,castro,cl,"(-42.463611, -73.808333)",-42.463611,-73.808333,52.41,81,0,5.82,53.01
69.82,97.39,khatanga,ru,"(71.966667, 102.5)",71.966667,102.5,-10.46,85,0,6.29,-10.46
35.47,38.72,manbij,sy,"(36.5266667, 37.9563889)",36.5266667,37.9563889,59,67,75,3.74,59
30.36,-127.95,lompoc,us,"(34.6391667, -120.4569444)",34.6391667,-120.4569444,58.75,82,1,5.82,60.8
37.05,49.44,rudbar,ir,"(36.8049, 49.408)",36.8049,49.408,69.26,25,5,4.9,69.26
-14.86,38.87,nampula,mz,"(-15.1197222, 39.2647222)",-15.1197222,39.2647222,69.8,88,20,3.36,69.8
57.36,91.01,novobirilyussy,ru,"(56.9526, 90.6807)",56.9526,90.6807,20.14,97,100,1.3,20.14
11.89,-143.15,hilo,us,"(19.7297222, -155.09)",19.7297222,-155.09,77.45,74,90,8.05,82.4
-61.92,-22.91,chuy,uy,"(-33.6833333, -53.45)",-33.6833333,-53.45,53.58,87,98,5.7,53.58
54.2,56.16,karmaskaly,ru,"(54.3709, 56.1837)",54.3709,56.1837,35.6,69,0,6.71,35.6
-18.57,-154.96,vaitape,pf,"(-16.5166667, -151.75)",-16.5166667,-151.75,79.65,78,7,16.69,79.65
44.33,-126.62,north bend,us,"(43.4066667, -124.2230556)",43.4066667,-124.2230556,56.01,87,40,6.93,57
-8.1,143.19,balimo,pg,"(-8.05, 142.95)",-8.05,142.95,87.6,63,61,4.92,87.6
-26.97,17.51,bethanien,na,"(-26.4833333, 17.15)",-26.4833333,17.15,56.32,38,3,3.42,56.32
32.22,85.95,pokhara,np,"(28.2333333, 83.9833333)",28.2333333,83.9833333,72.07,22,59,5.41,72.07
52.95,53.99,aleksandrovka,ru,"(52.683333, 54.416667)",52.683333,54.416667,41.16,66,100,10.4,41.16
19.91,-126.49,guerrero negro,mx,"(27.976944, -114.061111)",27.976944,-114.061111,68.88,50,27,9.95,68.88
40.76,110.51,dongsheng,cn,"(39.816085, 109.977629)",39.816085,109.977629,37.18,61,0,14.61,37.18
49.58,111.27,kyra,ru,"(49.5776, 111.9753)",49.5776,111.9753,31.98,87,99,14.76,31.98
-28.73,-63.19,santiago del estero,ar,"(-27.795112, -64.261489)",-27.795112,-64.261489,64.67,32,0,8.86,64.67
-29.49,-74.45,coquimbo,cl,"(-29.953333, -71.343611)",-29.953333,-71.343611,53.6,87,90,6.93,53.6
12.08,79.38,vettavalam,in,"(12.1, 79.25)",12.1,79.25,75.87,67,1,4.12,75.87
84.24,-57.4,upernavik,gl,"(72.7833333, -56.1666667)",72.7833333,-56.1666667,19.78,96,99,3.8,19.78
44.15,153.23,sentyabrskiy,ru,"(45.266667, 148.5)",45.266667,148.5,48.07,71,62,31.56,48.07
63.45,-11.45,hofn,is,"(64.25, -15.216667)",64.25,-15.216667,45.63,75,0,24.74,45.63
9.39,60.06,bargal,so,"(11.2833333, 51.0833333)",11.2833333,51.0833333,75.6,69,1,9.64,75.6
16.03,156.61,kavieng,pg,"(-2.5666667, 150.8)",-2.5666667,150.8,83.23,74,100,7.43,83.23
45.97,-82.96,blind river,ca,"(46.183333, -82.95)",46.183333,-82.95,31.62,68,1,3.36,33.8
27.54,157.74,hasaki,jp,"(35.733333, 140.833333)",35.733333,140.833333,63.21,45,20,17.22,64
86.0,42.26,belushya guba,ru,"(71.539238, 52.332117)",71.539238,52.332117,34.05,89,84,21.5,34.05
66.81,67.54,aksarka,ru,"(66.560556, 67.7975)",66.560556,67.7975,34.47,98,100,14.52,34.47
19.36,10.58,bilma,ne,"(18.6866667, 12.9191667)",18.6866667,12.9191667,69.89,25,0,12.62,69.89
44.2,134.96,rudnyy,ru,"(44.282778, 134.959444)",44.282778,134.959444,52.43,43,5,2.3,52.43
21.97,45.09,riyadh,sa,"(24.653664, 46.71522)",24.653664,46.71522,60.8,51,0,2.46,60.8
36.26,-173.64,kapaa,us,"(22.0783333, -159.3219444)",22.0783333,-159.3219444,81.59,65,75,5.82,82.4
-2.13,-10.6,georgetown,sh,"(-7.9333333, -14.4166667)",-7.9333333,-14.4166667,73.67,79,100,20.29,73.67
0.41,-112.21,coahuayana,mx,"(18.7, -103.658333)",18.7,-103.658333,75.2,83,75,1.03,75.2
69.14,-56.02,kangaatsiaq,gl,"(68.3, -53.4666667)",68.3,-53.4666667,26.24,93,99,4.34,26.24
28.82,-1.85,adrar,dz,"(27.9, -0.2833333)",27.9,-0.2833333,68,32,0,16.11,68
48.1,23.01,pidvynohradiv,ua,"(48.139468, 22.971938)",48.139468,22.971938,45.95,100,100,8.05,46.4
-28.64,-66.58,catamarca,ar,"(-28.469574, -65.785239)",-28.469574,-65.785239,48.99,63,0,1.01,48.99
49.87,-86.1,longlac,ca,"(49.783333, -86.55)",49.783333,-86.55,21.2,73,20,4.7,21.2
-29.33,177.95,russell,nz,"(-35.266667, 174.116667)",-35.266667,174.116667,68.11,80,45,15.43,68.11
51.63,83.85,charyshskoye,ru,"(51.3978, 83.5598)",51.3978,83.5598,26.89,93,100,2.51,26.89
-19.26,69.08,grand river south east,mu,"(-20.2861111, 57.7758333)",-20.2861111,57.7758333,66,56,20,12.75,68
61.84,-37.63,tasiilaq,gl,"(65.6, -37.6333333)",65.6,-37.6333333,33.8,80,100,56.37,33.8
-41.99,-5.97,saldanha,za,"(-33.01167, 17.944202)",-33.01167,17.944202,50,76,0,9.17,50
-89.23,142.98,hobart,au,"(-42.883209, 147.331665)",-42.883209,147.331665,66.54,51,40,11.41,70
64.35,102.52,tura,ru,"(64.283333, 100.25)",64.283333,100.25,-9.67,90,11,2.68,-9.67
7.17,66.16,kulhudhuffushi,mv,"(6.6166667, 73.05)",6.6166667,73.05,81.97,68,0,4.52,81.97
-8.17,64.1,victoria,sc,"(-4.6166667, 55.45)",-4.6166667,55.45,80.6,78,20,4.7,80.6
66.93,45.6,mezen,ru,"(65.840291, 44.249269)",65.840291,44.249269,33.13,93,7,7.61,33.13
52.6,45.84,lopatino,ru,"(52.619487, 45.811838)",52.619487,45.811838,43,67,100,9.26,43
-17.82,26.04,livingstone,zm,"(-17.85, 25.8666667)",-17.85,25.8666667,70.84,37,0,3.76,70.84
17.69,74.95,pandharpur,in,"(17.666667, 75.333333)",17.666667,75.333333,74.82,69,45,2.75,74.82
36.23,-68.13,hamilton,bm,"(32.2941667, -64.7838889)",32.2941667,-64.7838889,78.93,88,40,19.46,80.01
-22.04,-153.44,avera,pf,"(-22.45, -151.35)",-22.45,-151.35,71.08,88,100,23.53,71.08
76.67,28.13,mehamn,no,"(71.033333, 27.85)",71.033333,27.85,29.93,95,31,9.6,29.93
68.61,38.33,ostrovnoy,ru,"(68.053056, 39.513056)",68.053056,39.513056,32.92,93,86,17.45,32.92
22.16,-55.36,codrington,ag,"(17.6333333, -61.8333333)",17.6333333,-61.8333333,81.25,69,40,11.41,82.4
-5.96,-144.41,atuona,pf,"(-9.8, -139.0333333)",-9.8,-139.0333333,77.99,74,53,11.43,77.99
55.91,-107.35,meadow lake,ca,"(54.129722, -108.434722)",54.129722,-108.434722,25.25,98,100,7.61,25.25
16.46,36.67,wagar,sd,"(16.1527778, 36.2041667)",16.1527778,36.2041667,79.2,49,0,7.92,79.2
19.9,-96.66,emilio carranza,mx,"(19.966667, -96.6)",19.966667,-96.6,70.03,68,98,12.46,70.03
55.74,111.36,kichera,ru,"(55.9375, 110.099722)",55.9375,110.099722,23.32,88,100,3.69,23.32
33.07,36.38,nawa,sy,"(32.8833333, 36.05)",32.8833333,36.05,62.82,66,80,2.24,62.82
60.22,134.69,ust-maya,ru,"(60.416667, 134.533333)",60.416667,134.533333,4.96,89,100,2.91,4.96
75.53,94.18,talnakh,ru,"(69.4865, 88.3972)",69.4865,88.3972,14,78,100,29.08,14
54.27,-18.08,dingle,ie,"(52.1408333, -10.2688889)",52.1408333,-10.2688889,58.03,93,100,31.76,58.03
-57.07,20.35,bredasdorp,za,"(-34.532154, 20.040308)",-34.532154,20.040308,48.2,81,25,2.51,48.2
-11.5,67.9,hithadhoo,mv,"(-0.6, 73.0833333)",-0.6,73.0833333,83.64,73,100,9.42,83.64
3.49,65.33,kudahuvadhoo,mv,"(2.6666667, 72.9)",2.6666667,72.9,82.67,73,100,9.69,82.67
54.76,-98.86,thompson,ca,"(55.75, -97.866667)",55.75,-97.866667,17.6,72,90,6.93,17.6
66.52,-15.46,husavik,is,"(66.05, -17.35)",66.05,-17.35,42.8,75,75,18.34,42.8
53.04,-62.45,havre-saint-pierre,ca,"(50.25, -63.583333)",50.25,-63.583333,23,67,1,5.82,23
-7.29,-36.32,soledade,br,"(-7.05, -36.35)",-7.05,-36.35,73.4,88,75,11.41,73.4
-35.56,-92.07,lebu,cl,"(-37.616667, -73.65)",-37.616667,-73.65,51.46,90,2,12.97,51.46
65.6,151.97,zyryanka,ru,"(65.75, 150.85)",65.75,150.85,6.39,93,100,2.1,6.39
40.22,56.27,gazanjyk,tm,"(39.2430556, 55.5169444)",39.2430556,55.5169444,51.62,41,0,8.63,51.62
55.17,-52.07,saint anthony,ca,"(51.383333, -55.6)",51.383333,-55.6,27.25,68,0,10.29,28.99
47.47,51.83,atyrau,kz,"(47.116667, 51.883333)",47.116667,51.883333,44.6,48,0,17.9,44.6
-1.99,-38.65,trairi,br,"(-3.283333, -39.25)",-3.283333,-39.25,78.73,78,1,9.89,78.73
60.82,164.0,ossora,ru,"(59.235278, 163.071944)",59.235278,163.071944,34.79,82,91,0.83,34.79
56.32,-155.69,kodiak,us,"(57.79, -152.4072222)",57.79,-152.4072222,33.8,64,90,6.93,33.8
-4.11,39.09,kinango,ke,"(-4.1333333, 39.3166667)",-4.1333333,39.3166667,70.43,96,57,3.91,70.43
-29.11,134.1,flinders,au,"(-32.79924, 134.211594)",-32.79924,134.211594,63.84,57,100,9.75,63.84
-47.13,171.16,dunedin,nz,"(-45.866667, 170.5)",-45.866667,170.5,55.99,82,100,3,55.99
-24.35,98.06,carnarvon,au,"(-24.88073, 113.659401)",-24.88073,113.659401,75.2,64,90,11.41,75.2
86.98,147.9,chokurdakh,ru,"(70.633333, 147.916667)",70.633333,147.916667,10.09,96,100,7.65,10.09
-24.4,135.63,alice springs,au,"(-23.697479, 133.883621)",-23.697479,133.883621,77,21,0,11.41,77
74.39,66.3,amderma,ru,"(69.7576, 61.6655)",69.7576,61.6655,33.22,92,34,20.09,33.22
-20.19,-26.69,caravelas,br,"(-17.75, -39.25)",-17.75,-39.25,75.74,84,35,7.02,75.74
4.62,76.68,male,mv,"(4.1666667, 73.5)",4.1666667,73.5,82.4,83,75,6.93,82.4
21.58,-92.29,celestun,mx,"(20.866667, -90.4)",20.866667,-90.4,76.98,79,83,14.52,76.98
53.98,1.27,skegness,gb,"(53.133333, 0.35)",53.133333,0.35,55.04,93,100,8.01,57.99
24.6,104.0,zhongshu,cn,"(24.516667, 103.766667)",24.516667,103.766667,60.6,87,100,3.91,60.6
1.89,92.91,meulaboh,id,"(4.1363, 96.1285)",4.1363,96.1285,81.48,74,100,3.06,81.48
6.29,5.16,okitipupa,ng,"(6.504748, 4.78391)",6.504748,4.78391,74.57,98,100,0.11,74.57
53.32,-8.26,ballinasloe,ie,"(53.3275, -8.2194444)",53.3275,-8.2194444,57.99,90,100,14,57.99
-24.24,87.95,bengkulu,id,"(-3.8, 102.266667)",-3.8,102.266667,82.2,71,95,1.39,82.2
69.96,113.99,saskylakh,ru,"(71.916667, 114.083333)",71.916667,114.083333,-2.56,82,5,6.11,-2.56
66.35,171.74,komsomolskiy,ru,"(69.166667, 172.7)",69.166667,172.7,1.96,94,98,4.18,1.96
-1.39,-58.6,urucara,br,"(-2.536667, -57.758056)",-2.536667,-57.758056,80.2,78,26,1.72,80.2
78.53,12.62,barentsburg,sj,"(78.0666667, 14.2333333)",78.0666667,14.2333333,17.6,72,40,5.82,17.6
64.9,155.81,dukat,ru,"(62.55, 155.55)",62.55,155.55,14.31,93,84,4.9,14.31
34.5,120.63,hede,cn,"(33.768056, 120.251667)",33.768056,120.251667,64.74,47,0,6.82,64.74
62.87,-55.85,maniitsoq,gl,"(65.4166667, -52.9)",65.4166667,-52.9,20.66,85,74,6.06,20.66
37.3,-70.31,nantucket,us,"(41.2833333, -70.1)",41.2833333,-70.1,42.01,67,90,19.46,42.01
-33.31,8.55,oranjemund,na,"(-28.55, 16.4333333)",-28.55,16.4333333,56.07,82,0,17.16,56.07
6.61,-100.52,puerto escondido,mx,"(15.85, -97.066667)",15.85,-97.066667,78.8,54,75,5.82,78.8
-33.17,23.75,willowmore,za,"(-33.292647, 23.489537)",-33.292647,23.489537,45.45,84,0,4.65,45.45
-25.46,139.18,mount isa,au,"(-20.725229, 139.497269)",-20.725229,139.497269,82.4,16,0,9.17,82.4
35.93,-21.77,vila franca do campo,pt,"(37.716667, -25.433333)",37.716667,-25.433333,69.8,94,75,17.22,69.8
-32.53,3.43,luderitz,na,"(-26.6480556, 15.1594444)",-26.6480556,15.1594444,59.2,59,100,26.8,59.2
14.1,48.9,qandala,so,"(11.4711111, 49.8738889)",11.4711111,49.8738889,79.97,63,9,9.17,79.97
0.14,96.56,sibolga,id,"(1.7427, 98.7792)",1.7427,98.7792,85.01,61,45,1.39,85.01
6.18,42.98,xuddur,so,"(4.1166667, 43.9)",4.1166667,43.9,71.94,87,100,4.85,71.94
41.0,39.98,trabzon,tr,"(41.005, 39.726944)",41.005,39.726944,66.2,77,40,5.82,66.2
40.02,145.16,kushiro,jp,"(42.975, 144.374722)",42.975,144.374722,50,57,40,6.93,50
54.32,-164.88,bethel,us,"(60.7922222, -161.7558333)",60.7922222,-161.7558333,19.92,92,90,14.99,21.2
53.73,61.34,troitsk,ru,"(54.0979, 61.5773)",54.0979,61.5773,35.6,83,100,9.13,35.6
-35.2,173.03,ahipara,nz,"(-35.166667, 173.166667)",-35.166667,173.166667,67.21,87,46,13.91,67.21
0.69,-86.82,san cristobal,ec,"(-0.9166667, -89.5666667)",-0.9166667,-89.5666667,67.46,95,79,10.25,67.46
-46.41,-75.27,coihaique,cl,"(-45.566667, -72.066667)",-45.566667,-72.066667,57.2,54,0,3.36,57.2
34.87,-17.06,camacha,pt,"(33.083333, -16.333333)",33.083333,-16.333333,66.2,82,20,4.7,66.2
-8.54,117.54,sumbawa,id,"(-8.5, 117.433333)",-8.5,117.433333,88.77,55,57,3.29,88.77
34.44,-63.54,saint george,bm,"(32.3816667, -64.6780556)",32.3816667,-64.6780556,78.94,88,40,19.46,80.01
44.16,-117.79,baker city,us,"(44.775, -117.8333333)",44.775,-117.8333333,45.88,37,1,16.11,55.4
42.04,-115.46,mountain home,us,"(43.1330556, -115.6902778)",43.1330556,-115.6902778,62.6,20,90,5.82,62.6
46.65,-65.42,salisbury,ca,"(46.033333, -65.05)",46.033333,-65.05,33.06,89,75,14.99,34
60.58,-112.88,yellowknife,ca,"(62.45, -114.35)",62.45,-114.35,13.39,92,75,4.7,14
18.93,-40.74,ponta do sol,cv,"(17.2, -25.1)",17.2,-25.1,77,73,40,33.33,77
-8.28,-28.8,pitimbu,br,"(-7.466667, -34.8)",-7.466667,-34.8,77,88,20,6.93,77
-5.5,140.36,kiunga,pg,"(-6.1166667, 141.3)",-6.1166667,141.3,93.79,50,43,2.04,93.79
61.05,137.96,solnechnyy,ru,"(60.416667, 137.5)",60.416667,137.5,1.83,86,100,2.08,1.83
24.49,9.2,gat,ly,"(24.9647222, 10.1727778)",24.9647222,10.1727778,62.51,45,0,4.29,62.51
54.3,78.78,zdvinsk,ru,"(54.702059, 78.661053)",54.702059,78.661053,34.79,95,100,8.08,34.79
36.78,105.32,baiyin,cn,"(36.558333, 104.208056)",36.558333,104.208056,37.4,44,0,6.71,37.4
-14.83,25.78,kaoma,zm,"(-14.7833333, 24.8)",-14.7833333,24.8,67.6,36,65,7.16,67.6
60.27,-121.97,fort nelson,ca,"(58.816667, -122.533333)",58.816667,-122.533333,21.2,92,75,0.63,21.2
42.72,-124.22,coos bay,us,"(43.3666667, -124.2166667)",43.3666667,-124.2166667,55.76,87,40,6.93,57
41.69,-98.07,norfolk,us,"(42.0283333, -97.4166667)",42.0283333,-97.4166667,45.43,65,1,9.17,46.4
33.57,-114.02,blythe,us,"(33.6102778, -114.5955556)",33.6102778,-114.5955556,76.73,14,1,3.51,82.4
51.89,-46.94,bonavista,ca,"(48.633333, -53.1)",48.633333,-53.1,30.07,79,100,2.24,34
76.24,19.48,longyearbyen,sj,"(78.2166667, 15.6333333)",78.2166667,15.6333333,17.6,72,40,5.82,17.6
-45.58,127.58,esperance,au,"(-33.86013, 121.882591)",-33.86013,121.882591,75.2,31,0,25.28,75.2
-3.81,-74.16,iquitos,pe,"(-3.7480556, -73.2472222)",-3.7480556,-73.2472222,68.9,98,100,3.67,68.9
38.57,-101.35,garden city,us,"(37.9716667, -100.8722222)",37.9716667,-100.8722222,48.2,76,1,8.05,48.2
-18.52,-73.39,camana,pe,"(-16.6227778, -72.7111111)",-16.6227778,-72.7111111,64.38,77,5,7.23,64.38
-25.26,121.9,port hedland,au,"(-20.312149, 118.610588)",-20.312149,118.610588,89.6,33,0,5.82,89.6
-42.25,41.13,margate,za,"(-30.863595, 30.370522)",-30.863595,30.370522,62.87,89,100,7.45,62.87
55.97,56.96,karaidel,ru,"(55.833725, 56.906922)",55.833725,56.906922,34.52,85,100,7.25,34.52
-19.29,26.79,hwange,zw,"(-18.3666667, 26.4833333)",-18.3666667,26.4833333,70.88,30,0,3.33,70.88
38.37,90.4,hami,cn,"(42.8, 93.45)",42.8,93.45,39.96,62,0,6.2,39.96
64.39,135.73,khandyga,ru,"(62.666667, 135.6)",62.666667,135.6,0.07,84,38,3.2,0.07
23.32,96.92,mogok,mm,"(22.9166667, 96.5)",22.9166667,96.5,68.7,100,64,1.95,68.7
-45.56,-30.18,cidreira,br,"(-30.183333, -50.2)",-30.183333,-50.2,63.21,68,64,9.8,63.21
18.97,-158.73,ewa beach,us,"(21.3155556, -158.0072222)",21.3155556,-158.0072222,83.82,58,1,14.99,86
63.15,-104.61,la ronge,ca,"(55.1, -105.3)",55.1,-105.3,23,85,100,20.8,23
28.34,117.55,xiongshi,cn,"(28.288572, 117.213291)",28.288572,117.213291,64.44,66,66,9.91,64.44
86.05,124.96,tiksi,ru,"(71.687222, 128.869444)",71.687222,128.869444,7.36,95,100,4.36,7.36
0.49,-57.23,oriximina,br,"(-1.765278, -55.863889)",-1.765278,-55.863889,78.01,85,100,3.4,78.01
21.47,-15.2,nouadhibou,mr,"(20.9, -17.0666667)",20.9,-17.0666667,66.2,88,0,13.87,66.2
-10.85,150.4,samarai,pg,"(-10.6166667, 150.6666667)",-10.6166667,150.6666667,82.62,74,100,7.78,82.62
13.46,56.47,salalah,om,"(17.0175, 54.0827778)",17.0175,54.0827778,73.4,40,0,5.82,73.4
-2.43,126.08,ambon,id,"(-3.695426, 128.181405)",-3.695426,128.181405,84.51,69,63,9.66,84.51
58.34,45.38,vetluzhskiy,ru,"(58.390162, 45.465425)",58.390162,45.465425,35.71,96,100,3.76,35.71
-30.63,31.02,scottsburgh,za,"(-30.286656, 30.753161)",-30.286656,30.753161,60.12,95,100,4,62.01
57.05,30.33,krasnyy luch,ru,"(57.066761, 30.090317)",57.066761,30.090317,44.82,97,96,3.44,44.82
30.11,31.91,ismailia,eg,"(30.5833333, 32.2666667)",30.5833333,32.2666667,69.04,82,34,6.71,69.04
45.44,-42.73,torbay,ca,"(47.65, -52.733333)",47.65,-52.733333,33.66,64,90,11.41,34
-0.34,168.31,tabiauea,ki,"(0.9, 173.0333333)",0.9,173.0333333,87.8,62,20,16.11,87.8
51.22,22.6,lublin,pl,"(51.25, 22.566667)",51.25,22.566667,42.8,100,22,2.24,42.8
67.79,-163.93,nome,us,"(64.5011111, -165.4063889)",64.5011111,-165.4063889,24.39,58,1,4.7,26.6
47.82,-139.36,sitka,us,"(57.0530556, -135.33)",57.0530556,-135.33,44.6,87,90,12.75,44.6
43.43,-121.9,bend,us,"(44.0583333, -121.3141667)",44.0583333,-121.3141667,47.05,61,40,5.82,50
32.05,103.11,tianpeng,cn,"(30.986641, 103.939333)",30.986641,103.939333,65.77,1,100,3.31,66.99
35.88,12.19,tabulbah,tn,"(35.640179, 10.96731)",35.640179,10.96731,64.4,82,90,8.05,64.4
14.87,75.79,harpanahalli,in,"(14.8, 75.983333)",14.8,75.983333,71.62,75,0,4.65,71.62
34.88,30.16,kumluca,tr,"(36.370278, 30.286944)",36.370278,30.286944,65.62,67,6,4.12,65.62
58.07,23.76,tostamaa,ee,"(58.3325, 23.9997222)",58.3325,23.9997222,44.01,97,5,3,44.01
10.43,5.15,kontagora,ng,"(10.399893, 5.469491)",10.399893,5.469491,74.34,39,0,2.06,74.34
4.01,177.79,rawannawi,ki,"(2.05, 173.2666667)",2.05,173.2666667,82.13,76,31,18.21,82.13
36.76,27.16,kardamaina,gr,"(36.7813889, 27.1425)",36.7813889,27.1425,68.65,65,79,15.64,68.65
60.01,54.9,kosa,ru,"(59.944528, 54.997704)",59.944528,54.997704,33.82,95,100,9.64,33.82
59.18,1.15,lerwick,gb,"(60.15, -1.15)",60.15,-1.15,48.2,76,100,14.99,48.2
71.17,-82.75,clyde river,ca,"(70.45, -68.566667)",70.45,-68.566667,14,85,40,8.05,14
53.18,-115.25,drayton valley,ca,"(53.216667, -114.983333)",53.216667,-114.983333,35.01,82,100,14,35.01
53.39,78.18,burla,ru,"(53.3362, 78.3301)",53.3362,78.3301,32.97,95,94,6.15,32.97
21.22,-86.74,isla mujeres,mx,"(21.2, -86.716667)",21.2,-86.716667,75.94,94,90,13.87,77
54.08,165.13,nikolskoye,ru,"(55.193889, 165.9925)",55.193889,165.9925,40.77,70,57,9.08,40.77
6.97,-59.77,mabaruma,gy,"(8.2, -59.7833333)",8.2,-59.7833333,76.24,96,96,3.13,76.24
-75.54,30.28,port elizabeth,za,"(-33.917988, 25.570066)",-33.917988,25.570066,53.6,87,20,2.24,53.6
72.15,17.71,tromso,no,"(69.666667, 18.966667)",69.666667,18.966667,28.4,68,0,35.57,28.4
47.96,88.08,altay,cn,"(47.866667, 88.116667)",47.866667,88.116667,24.55,83,0,1.59,24.55
34.23,-95.46,paris,us,"(33.6608333, -95.5552778)",33.6608333,-95.5552778,50.59,71,1,6.93,53.6
-32.52,140.67,broken hill,au,"(-31.961729, 141.459976)",-31.961729,141.459976,59,77,90,17.22,59
-68.48,174.21,kaitangata,nz,"(-46.275, 169.85)",-46.275,169.85,57.99,87,100,11.01,57.99
-24.52,48.55,vangaindrano,mg,"(-23.35, 47.6)",-23.35,47.6,63.93,78,8,1.86,63.93
20.05,59.64,sur,om,"(22.5666667, 59.5288889)",22.5666667,59.5288889,75.06,63,0,10.25,75.06
-0.53,-25.13,touros,br,"(-5.2, -35.466667)",-5.2,-35.466667,77,88,40,5.82,77
44.66,9.19,solaro,it,"(44.883333, 9.166667)",44.883333,9.166667,49.01,94,0,1.01,50
-23.86,-88.94,pisco,pe,"(-13.7, -76.2166667)",-13.7,-76.2166667,62.35,88,90,6.93,62.6
66.39,147.82,belaya gora,ru,"(68.533333, 146.416667)",68.533333,146.416667,5.77,95,100,2.91,5.77
56.22,7.07,hvide sande,dk,"(55.996387, 8.127307)",55.996387,8.127307,48,75,23,10.27,48
13.66,-161.58,makakilo city,us,"(21.3469444, -158.0858333)",21.3469444,-158.0858333,83.62,58,1,14.99,86
7.92,-5.34,botro,ci,"(7.852488, -5.310628)",7.852488,-5.310628,72.28,88,5,3.87,72.28
62.92,13.79,ostersund,se,"(63.183333, 14.65)",63.183333,14.65,39.6,93,100,10.29,39.99
23.61,49.3,abu samrah,qa,"(24.748333, 50.84)",24.748333,50.84,71.6,88,1,5.64,71.6
36.06,-81.66,boone,us,"(36.2166667, -81.6747222)",36.2166667,-81.6747222,34.95,69,0,6.93,39.2
81.71,-133.36,tuktoyaktuk,ca,"(69.45, -133.066667)",69.45,-133.066667,5,92,75,6.93,5
52.48,138.56,mago,ru,"(53.251389, 140.182222)",53.251389,140.182222,38.23,75,97,2.06,38.23
27.47,-112.55,santa rosalia,mx,"(27.316667, -112.283333)",27.316667,-112.283333,67.35,57,93,2.46,67.35
56.54,156.07,sobolevo,ru,"(54.298333, 155.961111)",54.298333,155.961111,43.5,60,50,5.77,43.5
-29.9,156.68,ballina,au,"(-28.86414, 153.565414)",-28.86414,153.565414,82.11,65,86,21.92,86
58.75,59.84,lesnoy,ru,"(58.636667, 59.802222)",58.636667,59.802222,32.29,95,94,8.72,32.29
-30.44,-26.81,sao joao da barra,br,"(-21.633333, -41.05)",-21.633333,-41.05,73.2,97,100,6.26,73.2
16.79,69.7,srivardhan,in,"(18.033333, 73.016667)",18.033333,73.016667,76.26,63,0,5.46,76.26
43.68,15.22,biograd na moru,hr,"(43.9433333, 15.4519444)",43.9433333,15.4519444,44.6,100,0,4.12,44.6
8.83,-101.64,acapulco,mx,"(16.85, -99.916667)",16.85,-99.916667,82.4,88,90,3.36,82.4
-8.01,44.25,mitsamiouli,km,"(-11.3847222, 43.2844444)",-11.3847222,43.2844444,77.88,79,88,9.55,77.88
22.41,34.01,aswan,eg,"(24.0875, 32.8988889)",24.0875,32.8988889,72.46,54,0,2.73,72.46
2.99,76.62,muli,mv,"(2.9166667, 73.5666667)",2.9166667,73.5666667,82.53,74,98,8.9,82.53
-14.08,134.64,ngukurr,au,"(-14.73081, 134.731018)",-14.73081,134.731018,99.77,10,0,11.88,99.77
-5.77,30.82,mpanda,tz,"(-6.3666667, 31.0333333)",-6.3666667,31.0333333,69.71,63,65,3.38,69.71
42.77,-28.99,lagoa,pt,"(39.05, -27.983333)",39.05,-27.983333,67.71,95,100,14.56,67.71
35.04,63.89,sahrak,af,"(34.107375, 64.305199)",34.107375,64.305199,20.44,73,0,2.75,20.44
-26.78,-69.25,diego de almagro,cl,"(-26.366667, -70.05)",-26.366667,-70.05,55.15,39,0,1.92,55.15
54.24,-109.69,grand centre,ca,"(54.416667, -110.215278)",54.416667,-110.215278,26.6,86,90,2.24,26.6
49.03,139.85,mayskiy,ru,"(48.997531, 140.205277)",48.997531,140.205277,45.57,56,0,4.36,45.57
67.21,24.02,tornio,fi,"(65.85, 24.183333)",65.85,24.183333,19.4,92,0,4.7,19.4
-14.79,160.91,kirakira,sb,"(-10.45, 161.9166667)",-10.45,161.9166667,83.82,67,75,4.21,83.82
33.65,139.7,shimoda,jp,"(34.666667, 138.95)",34.666667,138.95,59.67,48,20,18.34,62.6
-15.98,32.61,tete,mz,"(-16.1563889, 33.5866667)",-16.1563889,33.5866667,78.8,50,20,5.93,78.8
55.4,88.71,goryachegorsk,ru,"(55.401667, 88.915556)",55.401667,88.915556,31.41,98,100,10.6,31.41
32.78,46.98,dehloran,ir,"(32.6941, 47.2679)",32.6941,47.2679,63.09,38,0,1.57,63.09
26.04,-7.24,tiznit,ma,"(29.697425, -9.731618)",29.697425,-9.731618,71.92,27,0,4.68,71.92
85.18,-116.94,norman wells,ca,"(65.283333, -126.85)",65.283333,-126.85,12.2,92,75,4.7,12.2
70.58,6.8,sorland,no,"(67.666667, 12.7)",67.666667,12.7,44.71,85,100,34.07,44.71
50.28,-105.62,moose jaw,ca,"(50.4, -105.55)",50.4,-105.55,53.6,46,97,19.46,53.6
30.88,25.17,bardiyah,ly,"(31.7666667, 25.1)",31.7666667,25.1,68.7,71,16,10.8,68.7
12.25,98.29,mergui,mm,"(12.4333333, 98.6)",12.4333333,98.6,81.3,78,74,5.7,81.3
-0.4,-79.24,santo domingo,ec,"(-0.25, -79.15)",-0.25,-79.15,69.62,94,88,1.77,69.62
-18.02,6.65,namibe,ao,"(-15.196111, 12.152222)",-15.196111,12.152222,72.9,81,65,6.44,72.9
-0.17,8.16,port-gentil,ga,"(-0.7166667, 8.7833333)",-0.7166667,8.7833333,78.93,86,100,11.72,78.93
59.66,46.69,podosinovets,ru,"(60.277581, 47.06587)",60.277581,47.06587,33.22,94,100,7.09,33.22
-13.98,-65.43,san ramon,bo,"(-13.2833333, -64.7166667)",-13.2833333,-64.7166667,71.78,68,13,5.79,71.78
-27.22,165.11,noumea,nc,"(-22.2666667, 166.45)",-22.2666667,166.45,87.96,46,40,8.05,89.6
62.43,22.19,kauhajoki,fi,"(62.433333, 22.183333)",62.433333,22.183333,39.4,93,90,4.7,39.99
6.75,23.79,rafai,cf,"(4.95, 23.9166667)",4.95,23.9166667,67.5,96,77,1.97,67.5
-19.16,159.8,poum,nc,"(-20.2333333, 164.0166667)",-20.2333333,164.0166667,79.09,75,100,21.14,79.09
57.12,-147.26,palmer,us,"(61.5997222, -149.1127778)",61.5997222,-149.1127778,18.3,92,20,4.92,21
52.27,73.4,bestobe,kz,"(52.499444, 73.0975)",52.499444,73.0975,35.15,88,79,6.08,35.15
8.23,-70.83,ejido,ve,"(8.5513889, -71.2375)",8.5513889,-71.2375,68.23,67,73,1.3,68.23
-43.57,-45.9,rocha,uy,"(-34.4833333, -54.3333333)",-34.4833333,-54.3333333,44.82,89,89,1.41,44.82
36.28,137.98,matsumoto,jp,"(36.233333, 137.966667)",36.233333,137.966667,49.68,65,0,2.24,54
8.02,-115.62,san patricio,mx,"(19.216667, -104.7)",19.216667,-104.7,82.4,74,40,0.74,82.4
2.57,-19.42,goderich,sl,"(8.4319444, -13.2897222)",8.4319444,-13.2897222,80.35,81,3,6.2,80.35
22.37,133.01,nishihara,jp,"(26.184167, 127.755833)",26.184167,127.755833,77.72,50,40,13.87,80.01
-10.9,-26.23,olinda,br,"(-8.016667, -34.85)",-8.016667,-34.85,80.6,78,40,8.05,80.6
-19.47,19.7,rundu,na,"(-17.9333333, 19.7666667)",-17.9333333,19.7666667,68.88,60,3,2.46,68.88
40.44,-120.09,susanville,us,"(40.4163889, -120.6519444)",40.4163889,-120.6519444,52.21,20,1,3.36,53.6
64.8,34.85,belomorsk,ru,"(64.523222, 34.766796)",64.523222,34.766796,30.94,96,18,3.65,30.94
62.71,77.61,novoagansk,ru,"(61.9449, 76.6625)",61.9449,76.6625,33.87,97,100,9.42,33.87
20.95,-9.07,atar,mr,"(20.5166667, -13.05)",20.5166667,-13.05,82.31,17,54,7.38,82.31
11.1,-86.1,san juan del sur,ni,"(11.25, -85.8666667)",11.25,-85.8666667,77.86,86,95,6.67,77.86
9.64,93.43,port blair,in,"(11.666667, 92.75)",11.666667,92.75,82.29,80,91,10.36,82.29
55.36,7.41,oksbol,dk,"(55.626805, 8.28757)",55.626805,8.28757,49.86,100,40,2.24,51.8
69.43,19.35,storsteinnes,no,"(69.233333, 19.233333)",69.233333,19.233333,18.93,85,0,19.46,28.4
18.8,114.48,zhuhai,cn,"(22.276944, 113.567778)",22.276944,113.567778,74.62,73,40,16.11,77
40.78,-16.16,peniche,pt,"(39.357486, -9.380439)",39.357486,-9.380439,57.69,91,0,0.87,61
44.55,-105.27,gillette,us,"(44.2911111, -105.5016667)",44.2911111,-105.5016667,55.58,30,1,11.41,57.2
-0.31,-14.56,monrovia,lr,"(6.3105556, -10.8047222)",6.3105556,-10.8047222,78.35,85,89,5.82,78.35
20.7,-95.68,vega de alatorre,mx,"(20.033333, -96.633333)",20.033333,-96.633333,70.23,68,90,12.26,70.23
33.78,-135.29,fortuna,us,"(40.5983333, -124.1561111)",40.5983333,-124.1561111,53.55,87,1,8.05,54
11.01,-68.94,san felipe,ve,"(10.3405556, -68.7372222)",10.3405556,-68.7372222,73.62,93,63,2.13,73.62
-2.36,42.34,bur gabo,so,"(-1.2166667, 41.85)",-1.2166667,41.85,76.98,84,5,8.52,76.98
-12.1,49.77,ambilobe,mg,"(-13.2, 49.05)",-13.2,49.05,69.06,71,24,6.71,69.06
3.36,136.55,kloulklubed,pw,"(7.0394444, 134.2525)",7.0394444,134.2525,84.2,74,75,21.92,84.2
29.97,62.11,rudbar,af,"(30.15, 62.6)",30.15,62.6,43.65,57,0,3.65,43.65
9.51,-22.61,praia,cv,"(14.9166667, -23.5166667)",14.9166667,-23.5166667,77,73,75,18.34,77
-0.86,-71.41,japura,br,"(-1.395833, -69.422222)",-1.395833,-69.422222,76.42,95,100,0.47,76.42
16.61,22.0,biltine,td,"(14.5333333, 20.9166667)",14.5333333,20.9166667,80.76,22,24,11.5,80.76
-11.25,168.94,sola,vu,"(-13.8833333, 167.55)",-13.8833333,167.55,81.66,78,100,15.43,81.66
46.29,-18.04,muros,es,"(42.776173, -9.060316)",42.776173,-9.060316,61,90,100,11.01,61
-16.17,31.74,mount darwin,zw,"(-16.7833333, 31.5833333)",-16.7833333,31.5833333,69.22,64,0,7.94,69.22
15.84,-24.39,ribeira brava,cv,"(16.6166667, -24.3)",16.6166667,-24.3,73.09,90,52,21.16,73.09
-58.42,26.17,kruisfontein,za,"(-34.003333, 24.731417)",-34.003333,24.731417,46.99,94,0,2.17,46.99
18.3,66.53,porbandar,in,"(21.633333, 69.6)",21.633333,69.6,78.57,34,0,7.74,78.57
42.35,75.57,kemin,kg,"(42.7852778, 75.6911111)",42.7852778,75.6911111,41.02,56,0,8.34,41.02
-27.46,-59.53,resistencia,ar,"(-27.46056, -58.983886)",-27.46056,-58.983886,66.2,52,0,10.29,66.2
26.48,103.95,rongcheng,cn,"(26.266667, 104.016667)",26.266667,104.016667,57.31,90,100,2.57,57.31
7.67,6.01,ogaminana,ng,"(7.6004, 6.2014)",7.6004,6.2014,73.26,85,62,3.2,73.26
61.99,-135.15,whitehorse,ca,"(60.716667, -135.05)",60.716667,-135.05,16.99,85,90,9.17,17.6
57.28,164.35,ust-kamchatsk,ru,"(56.236667, 162.518889)",56.236667,162.518889,40.5,76,100,11.34,40.5
51.7,110.61,khilok,ru,"(51.3674, 110.4676)",51.3674,110.4676,25.83,94,100,9.78,25.83
47.42,63.93,dzhusaly,kz,"(45.487778, 64.078056)",45.487778,64.078056,39.27,66,0,13.67,39.27
-11.19,131.56,nguiu,au,"(-11.75911, 130.638153)",-11.75911,130.638153,94.01,44,8,7.34,94.01
39.25,-96.88,junction city,us,"(39.0286111, -96.8311111)",39.0286111,-96.8311111,56.44,47,1,10.29,59
-32.26,145.0,griffith,au,"(-34.288528, 146.050934)",-34.288528,146.050934,70.39,60,75,10.29,71.01
-2.09,144.73,wewak,pg,"(-3.55, 143.6333333)",-3.55,143.6333333,85.48,62,87,4.81,85.48
32.28,92.24,lasa,cn,"(29.65, 91.1)",29.65,91.1,42.35,51,0,4.18,42.35
59.07,169.36,tilichiki,ru,"(60.466667, 166.1)",60.466667,166.1,30.58,96,88,2.01,30.58
7.27,106.77,bac lieu,vn,"(9.285, 105.724444)",9.285,105.724444,84.51,71,53,6.67,84.51
47.81,34.56,tomakivka,ua,"(47.815692, 34.741368)",47.815692,34.741368,50,87,75,6.71,50
3.41,70.25,mahibadhoo,mv,"(3.7833333, 72.9666667)",3.7833333,72.9666667,82.6,73,29,7.63,82.6
-7.04,22.94,mwene-ditu,cd,"(-7.0, 23.45)",-7.0,23.45,64.36,98,89,3.36,64.36
-8.74,8.64,soyo,ao,"(-6.134903, 12.368935)",-6.134903,12.368935,76.8,84,91,2.39,76.8
34.19,-90.23,clarksdale,us,"(34.2, -90.5708333)",34.2,-90.5708333,48.11,93,0,6.8,48.2
-22.01,44.16,ankazoabo,mg,"(-22.2833333, 44.5166667)",-22.2833333,44.5166667,66.47,55,0,3.78,66.47
-16.03,125.1,broome,au,"(-17.955379, 122.23922)",-17.955379,122.23922,89.6,38,94,8.05,89.6
-43.3,170.85,hokitika,nz,"(-42.716667, 170.966667)",-42.716667,170.966667,58.8,96,100,10.4,58.8
62.54,52.96,borovoy,ru,"(63.230047, 52.890313)",63.230047,52.890313,35.26,96,100,6.96,35.26
-13.27,37.25,cuamba,mz,"(-14.8030556, 36.5372222)",-14.8030556,36.5372222,66.69,80,1,2.04,66.69
24.51,-125.47,san quintin,mx,"(30.483333, -115.95)",30.483333,-115.95,64.58,77,100,5.97,64.58
24.2,59.67,qurayyat,om,"(23.2627778, 58.9161111)",23.2627778,58.9161111,70.7,52,0,1.32,70.7
-7.87,-81.61,pimentel,pe,"(-6.8366667, -79.9341667)",-6.8366667,-79.9341667,62.58,87,100,14.88,62.58
-12.57,178.01,asau,tv,"(-7.5, 178.6666667)",-7.5,178.6666667,82.99,74,99,9.22,82.99
50.58,-113.61,high river,ca,"(50.583333, -113.866667)",50.583333,-113.866667,44.65,56,62,9.17,50
-13.12,50.69,sambava,mg,"(-14.2666667, 50.1666667)",-14.2666667,50.1666667,70.54,78,85,14.63,70.54
27.91,77.21,punahana,in,"(27.866667, 77.2)",27.866667,77.2,66.85,26,0,4.99,66.85
86.62,134.99,nizhneyansk,ru,"(71.433333, 136.066667)",71.433333,136.066667,-0.08,93,94,4.18,-0.08
66.76,90.54,svetlogorsk,ru,"(66.916667, 88.35)",66.916667,88.35,-0.45,90,93,7.11,-0.45
39.65,52.67,balkanabat,tm,"(39.5119444, 54.365)",39.5119444,54.365,56.97,34,0,4.21,56.97
57.15,53.94,votkinsk,ru,"(57.048651, 53.987169)",57.048651,53.987169,35.01,93,100,1.01,35.01
27.62,13.21,awbari,ly,"(26.5833333, 12.7666667)",26.5833333,12.7666667,57.7,52,0,8.57,57.7
-23.74,157.33,hervey bay,au,"(-25.285, 152.873)",-25.285,152.873,82.99,62,0,13,82.99
-25.29,43.37,ampanihy,mg,"(-24.7, 44.75)",-24.7,44.75,69.1,50,0,5.28,69.1
12.81,-66.82,kralendijk,an,"(12.15, -68.2666667)",12.15,-68.2666667,82.4,88,50,4.7,82.4
32.75,-28.49,ponta delgada,pt,"(37.733333, -25.666667)",37.733333,-25.666667,69.8,94,75,17.22,69.8
47.77,162.18,petropavlovsk-kamchatskiy,ru,"(53.0452, 158.6483)",53.0452,158.6483,44.6,52,75,13.42,44.6
13.36,47.19,aden,ye,"(12.7794444, 45.0366667)",12.7794444,45.0366667,81.86,80,0,13.06,81.86
56.94,146.09,okhotsk,ru,"(59.383333, 143.3)",59.383333,143.3,21.63,85,100,12.41,21.63
-18.37,178.31,isangel,vu,"(-19.55, 169.2666667)",-19.55,169.2666667,80.6,78,75,9.17,80.6
12.45,48.63,bosaso,so,"(11.2847222, 49.1825)",11.2847222,49.1825,79.68,71,58,5.91,79.68
29.41,-95.63,sugar land,us,"(29.6194444, -95.6347222)",29.6194444,-95.6347222,54.7,76,1,2.3,55.99
58.75,102.2,ust-ilimsk,ru,"(58.000556, 102.661944)",58.000556,102.661944,20.03,95,100,6.2,20.03
38.71,98.99,jiuquan,cn,"(39.73817, 98.499328)",39.73817,98.499328,39.96,62,94,2.53,39.96
-18.92,156.68,yeppoon,au,"(-23.126829, 150.744064)",-23.126829,150.744064,89.6,43,40,12.75,89.6
32.58,55.02,yazd,ir,"(31.897222, 54.3675)",31.897222,54.3675,51.8,27,0,4.7,51.8
25.61,66.05,uthal,pk,"(25.807222, 66.621944)",25.807222,66.621944,71.98,47,0,2.33,71.98
47.97,40.51,koksovyy,ru,"(48.200579, 40.650894)",48.200579,40.650894,54.07,94,99,2.77,54.07
56.62,-179.83,egvekinot,ru,"(66.316667, -179.166667)",66.316667,-179.166667,14.11,84,61,8.99,14.11
23.09,99.96,simao,cn,"(22.788627, 100.974807)",22.788627,100.974807,66.2,86,99,0.94,66.2
10.95,129.31,pilar,ph,"(9.865, 126.099444)",9.865,126.099444,83.34,78,100,8.7,83.34
57.17,-76.32,moose factory,ca,"(51.25, -80.6)",51.25,-80.6,26.6,58,90,8.05,26.6
24.1,-103.29,juan aldama,mx,"(24.290833, -103.394444)",24.290833,-103.394444,58.39,39,11,6.33,58.39
38.15,54.76,gonbad-e qabus,ir,"(37.250042, 55.167208)",37.250042,55.167208,70.32,22,0,4.47,70.32
7.41,-178.27,vaitupu,wf,"(-13.2333333, -176.15)",-13.2333333,-176.15,81.45,80,41,18.66,81.45
70.56,123.02,zhigansk,ru,"(66.769722, 123.371111)",66.769722,123.371111,-10.89,89,95,0.65,-10.89
41.36,-61.1,halifax,ca,"(44.65, -63.6)",44.65,-63.6,35.82,64,100,6.93,37
-7.35,155.75,buin,pg,"(-6.8333333, 155.7333333)",-6.8333333,155.7333333,85.8,72,55,2.84,85.8
-26.73,159.26,byron bay,au,"(-28.64201, 153.611938)",-28.64201,153.611938,82.44,65,91,21.92,86
15.7,103.94,suwannaphum,th,"(15.60348, 103.802067)",15.60348,103.802067,83.19,74,20,9.17,84.99
65.88,-72.68,iqaluit,ca,"(63.733333, -68.5)",63.733333,-68.5,15.8,78,90,8.05,15.8
20.48,-157.04,lahaina,us,"(20.8783333, -156.6825)",20.8783333,-156.6825,83.37,54,40,13.87,87.8
70.23,24.66,lakselv,no,"(70.05, 24.933333)",70.05,24.933333,26.6,68,0,27.51,26.6
23.63,57.38,nizwa,om,"(22.9333333, 57.5333333)",22.9333333,57.5333333,61.9,32,0,3.04,61.9
-38.6,154.4,ulladulla,au,"(-35.359058, 150.472473)",-35.359058,150.472473,56.1,100,100,9.17,57.99
46.35,-79.94,sturgeon falls,ca,"(46.366667, -79.933333)",46.366667,-79.933333,22.14,73,5,2.24,23
65.12,106.43,yerbogachen,ru,"(61.276667, 108.010833)",61.276667,108.010833,10.6,93,100,6.91,10.6
11.6,-72.26,uribia,co,"(11.713897, -72.266035)",11.713897,-72.266035,82.24,79,77,4.18,82.24
32.39,-107.95,deming,us,"(32.2686111, -107.7580556)",32.2686111,-107.7580556,60.8,36,1,3.89,60.8
-4.39,-1.71,takoradi,gh,"(4.8833333, -1.75)",4.8833333,-1.75,78.13,86,8,4.85,78.13
10.12,112.93,cam ranh,vn,"(11.9, 109.15)",11.9,109.15,75.2,100,75,4.7,75.2
50.01,114.97,nizhniy tsasuchey,ru,"(50.516667, 115.133333)",50.516667,115.133333,29.77,93,100,20.42,29.77
45.09,-63.43,truro,ca,"(45.366667, -63.3)",45.366667,-63.3,37.4,55,98,10.29,37.4
7.07,86.04,kalmunai,lk,"(7.4166667, 81.8166667)",7.4166667,81.8166667,80.31,78,100,8.25,80.31
-14.32,129.63,port keats,au,"(-14.24029, 129.52092)",-14.24029,129.52092,90.03,53,74,8.79,90.03
54.51,80.56,kochki,ru,"(54.335833, 80.480556)",54.335833,80.480556,31.82,99,99,8.7,31.82
26.61,-25.81,los llanos de aridane,es,"(28.658507, -17.918211)",28.658507,-17.918211,69.8,73,0,6.93,69.8
64.96,127.88,sangar,ru,"(63.924167, 127.473889)",63.924167,127.473889,-7.51,86,0,2.51,-7.51
-11.31,122.31,kupang,id,"(-10.166667, 123.583333)",-10.166667,123.583333,90.36,51,44,4.97,90.36
-8.74,31.08,mpulungu,zm,"(-8.7666667, 31.1333333)",-8.7666667,31.1333333,75,51,17,6.08,75
36.82,84.97,korla,cn,"(41.759722, 86.146944)",41.759722,86.146944,39,66,27,5.01,39
12.63,127.59,san policarpo,ph,"(12.1791, 125.5072)",12.1791,125.5072,83.21,80,100,14.2,83.21
36.68,102.22,xining,cn,"(36.616667, 101.766667)",36.616667,101.766667,35.98,78,72,1.16,35.98
-12.5,119.04,waingapu,id,"(-9.6567, 120.2641)",-9.6567,120.2641,86.49,63,74,10.63,86.49
9.82,-50.81,sinnamary,gf,"(5.3833333, -52.95)",5.3833333,-52.95,80.73,85,5,12.59,80.73
21.4,-90.09,progreso,mx,"(21.283333, -89.666667)",21.283333,-89.666667,75.61,83,75,13.8,75.99
67.31,-67.84,pangnirtung,ca,"(66.133333, -65.75)",66.133333,-65.75,5.31,84,85,3.49,5.31
-11.8,117.11,praya,id,"(-8.705362, 116.270357)",-8.705362,116.270357,78.8,88,75,11.41,78.8
-6.77,-38.66,cajazeiras,br,"(-6.9, -38.566667)",-6.9,-38.566667,78.85,62,74,6.44,78.85
64.6,-7.73,vestmanna,fo,"(62.15, -7.1666667)",62.15,-7.1666667,48.2,81,27,18.34,48.2
40.68,2.78,alcudia,es,"(39.853605, 3.122404)",39.853605,3.122404,53.89,93,20,4.65,55.99
11.21,26.11,babanusah,sd,"(11.3333333, 27.8)",11.3333333,27.8,80.71,59,63,6.04,80.71
52.01,74.29,ekibastuz,kz,"(51.666667, 75.366667)",51.666667,75.366667,36.97,81,100,3.53,36.97
70.13,26.05,honningsvag,no,"(70.983333, 25.983333)",70.983333,25.983333,35.76,81,26,14.94,35.76
-17.06,69.37,quatre cocos,mu,"(-20.2077778, 57.7625)",-20.2077778,57.7625,65.89,56,20,12.75,68
14.41,-52.9,bathsheba,bb,"(13.2166667, -59.5166667)",13.2166667,-59.5166667,82.4,78,40,24.16,82.4
-7.46,-173.26,sataua,ws,"(-13.4666667, -172.6666667)",-13.4666667,-172.6666667,80.76,74,26,15.48,80.76
6.01,126.08,pundaguitan,ph,"(6.361153, 126.177781)",6.361153,126.177781,82.17,79,77,8.05,82.17
-7.74,-71.68,ipixuna,br,"(-7.051667, -71.693056)",-7.051667,-71.693056,73.65,98,100,3.87,73.65
18.72,-86.98,san pedro,bz,"(17.9166667, -87.95)",17.9166667,-87.95,77,93,36,1.01,77
-20.58,-82.74,marcona,pe,"(-15.2119444, -75.1102778)",-15.2119444,-75.1102778,55.92,93,71,6.35,55.92
9.41,-4.91,ferkessedougou,ci,"(9.5928, -5.194487)",9.5928,-5.194487,74.35,52,0,2.08,74.35
49.99,-58.12,corner brook,ca,"(48.95, -57.933333)",48.95,-57.933333,24.55,92,75,2.24,30.2
